{
    "rmse": 0.8048781099514533,
    "mae": 0.6478287718790237,
    "r2": 0.008687125623335512
}