{
    "rmse": 0.8031192316982254,
    "mae": 0.6450005003235478,
    "r2": 0.013014969842177981
}